,region,day_of_week,hour,pred_demand,actual_demand,start_lat,start_lng
0,0,Friday,0,350.00230556896065,476.0,59.43560395613266,24.748286193602667
146,1,Friday,2,321.83726480138387,42.0,59.39877807272732,24.648016294750146
147,1,Friday,3,324.894669635387,34.0,59.40196483530481,24.637372338622434
148,1,Friday,4,302.44045226165525,59.0,59.398688326099034,24.647440310593623
149,1,Friday,5,328.28124849404423,126.0,59.40071860835196,24.647640997547402
150,1,Friday,6,318.515993525767,167.0,59.40520573355006,24.651087656243043
151,1,Friday,7,331.55220622877613,157.0,59.399722971289464,24.650534870469517
152,1,Friday,8,336.0799775514693,149.0,59.40631172997139,24.64711772348897
153,1,Friday,9,336.79352604896013,166.0,59.40365603903507,24.648598401103687
154,1,Friday,10,339.1754947320007,124.0,59.40472367429889,24.648958334477317
145,1,Friday,1,322.3984087063602,45.0,59.40313769516345,24.64536289689333
309,2,Friday,21,352.6959719368546,208.0,59.41892621245593,24.706559386906285
157,1,Friday,13,344.4581449231197,149.0,59.40515148855267,24.647692755881383
158,1,Friday,14,345.7413720910637,166.0,59.403940319840636,24.645300822186528
159,1,Friday,15,346.7975034602386,194.0,59.402417389967034,24.646877466092363
160,1,Friday,16,349.125341845216,217.0,59.4038438099791,24.64467012961436
161,1,Friday,17,349.7247856825345,180.0,59.40187125624731,24.646143968125596
162,1,Friday,18,352.1767433090705,194.0,59.402618293915936,24.645963417059477
163,1,Friday,19,356.9359288243104,171.0,59.409392742930585,24.643682198353105
164,1,Friday,20,345.97214611717527,136.0,59.40388399991356,24.645100733668745
165,1,Friday,21,357.07348518092937,145.0,59.40136469594633,24.65088610808229
156,1,Friday,12,342.2313129555517,140.0,59.40459054848494,24.646623920451642
166,1,Friday,22,359.0515397916521,120.0,59.40245895957321,24.646355792363988
144,1,Friday,0,318.4203666385673,59.0,59.398252839400335,24.647819877413216
577,4,Friday,1,294.13089528984483,34.0,59.42721347271208,24.802066395249927
597,4,Friday,21,328.07403558679925,133.0,59.42437064558149,24.80240126668048
596,4,Friday,20,327.2466657268907,119.0,59.426541285741735,24.80224290468257
595,4,Friday,19,324.72778205717634,158.0,59.42484907316873,24.798949846723264
594,4,Friday,18,323.1403721124445,152.0,59.42544270135076,24.79923058124667
593,4,Friday,17,321.85243398505287,213.0,59.426135624803244,24.798972123507177
592,4,Friday,16,319.5153005202731,219.0,59.425077182303184,24.800206617132716
591,4,Friday,15,318.0974785584605,237.0,59.42597513282434,24.801954192331575
590,4,Friday,14,316.5066790744162,213.0,59.42615976659768,24.800098990202784
589,4,Friday,13,314.7017895716528,193.0,59.4262092864513,24.800878446283246
576,4,Friday,0,291.02743035329087,53.0,59.425726331270475,24.79825002034406
588,4,Friday,12,312.3863215363343,143.0,59.425088247359625,24.79922888420564
586,4,Friday,10,300.33200197175177,160.0,59.42486010904872,24.802004555866844
585,4,Friday,9,308.22000891905356,152.0,59.427727217810364,24.799861834819136
584,4,Friday,8,296.949694725271,145.0,59.42723033040286,24.801399177897633
583,4,Friday,7,303.4739023463266,151.0,59.42464357158829,24.80182866035783
582,4,Friday,6,301.6260264544484,136.0,59.42447002704417,24.803827024735885
581,4,Friday,5,300.5828730218116,106.0,59.42625099145604,24.802553569876178
580,4,Friday,4,300.4788853984542,60.0,59.42982920065845,24.80131572409573
579,4,Friday,3,297.20469557197924,37.0,59.426507012748765,24.805353065342054
578,4,Friday,2,295.2389171317918,30.0,59.42562386868937,24.802699277793526
587,4,Friday,11,310.45426287428614,142.0,59.424781704261285,24.800390800294846
598,4,Friday,22,328.06255686150894,118.0,59.42062829561193,24.802616115314333
167,1,Friday,23,357.76683722097073,78.0,59.405136407788255,24.64139159831225
454,3,Friday,22,367.4136653353922,88.0,59.467954063453504,24.85888279033933
289,2,Friday,1,318.2297773500436,74.0,59.421007068627304,24.709041189499143
290,2,Friday,2,321.01114325018045,76.0,59.42278466059969,24.71073115179659
291,2,Friday,3,322.4549867797043,73.0,59.42240693696137,24.708087545942924
292,2,Friday,4,322.9422893836272,133.0,59.41978579120418,24.707132859802808
293,2,Friday,5,324.7285986185739,285.0,59.419867386768985,24.706625784839304
294,2,Friday,6,326.83194204524585,393.0,59.42049587017807,24.708104291034918
295,2,Friday,7,328.16847776260363,421.0,59.4193379155105,24.708097982138604
296,2,Friday,8,329.1654537611615,348.0,59.41771667535755,24.7085030637523
297,2,Friday,9,331.1155226674268,346.0,59.41811712786323,24.707544880970893
288,2,Friday,0,309.959965361432,127.0,59.41885066667866,24.709017981440905
298,2,Friday,10,333.3230686262832,274.0,59.419603248460085,24.706489504378492
300,2,Friday,12,337.18197335341443,328.0,59.41985707282198,24.708073263466435
301,2,Friday,13,338.1215575962499,331.0,59.41758200593309,24.70979445726053
302,2,Friday,14,338.9926623831655,380.0,59.418512082965115,24.7064189774667
303,2,Friday,15,341.07767945483505,447.0,59.41669684185856,24.70971480514133
304,2,Friday,16,343.3210416746509,434.0,59.417786297686185,24.707661802914473
305,2,Friday,17,346.14898180657997,384.0,59.420137733427445,24.70819043613972
306,2,Friday,18,342.15138194372213,273.0,59.41859228439272,24.707115104090406
307,2,Friday,19,348.78942269719124,265.0,59.41827144424935,24.70711983408764
308,2,Friday,20,350.7291818114211,244.0,59.4187008931255,24.70813755078314
299,2,Friday,11,329.65542747933927,326.0,59.41629171218041,24.708621514212155
455,3,Friday,23,365.8748254246848,74.0,59.46042120945502,24.859786919995155
311,2,Friday,23,356.50636155941316,188.0,59.419783650948155,24.705765525422926
433,3,Friday,1,323.9292858785732,37.0,59.45381121713433,24.86224713100908
453,3,Friday,21,364.15949745891777,109.0,59.46480897502753,24.859383798139707
452,3,Friday,20,363.71782768824323,109.0,59.468260879039086,24.86253771494793
451,3,Friday,19,359.8978677487152,104.0,59.463194656591405,24.863636327291367
450,3,Friday,18,357.93797906858094,114.0,59.462911710867125,24.86137032048151
449,3,Friday,17,340.6771799694856,149.0,59.463457632399546,24.858404828401248
448,3,Friday,16,356.2775211897905,170.0,59.46660778220241,24.857397722951262
447,3,Friday,15,337.6744800084139,161.0,59.461925770309875,24.86016316091468
446,3,Friday,14,350.60009384500984,136.0,59.46251779214862,24.856730372203458
445,3,Friday,13,351.13644623883243,131.0,59.46745172264921,24.858390705036854
432,3,Friday,0,328.62589587606726,41.0,59.468055449484105,24.86242613455194
444,3,Friday,12,345.87941791241786,96.0,59.46015628520383,24.855730759143402
442,3,Friday,10,343.2932097976744,93.0,59.46195611830198,24.857787367265686
441,3,Friday,9,340.35137825044546,108.0,59.45897748651736,24.85779676680899
440,3,Friday,8,339.7812115002878,119.0,59.46169283351397,24.857896578710097
439,3,Friday,7,337.6034631743316,157.0,59.45953629237108,24.862150942021774
438,3,Friday,6,336.13037297098987,127.0,59.46188390679949,24.85616626082029
437,3,Friday,5,332.484212166178,91.0,59.45701193343002,24.86220066762312
436,3,Friday,4,329.9257347856448,45.0,59.45505287556859,24.86376109402546
435,3,Friday,3,329.82033237050956,34.0,59.45916742934197,24.8659266598594
434,3,Friday,2,329.9386334694031,18.0,59.46203020182492,24.87164318758016
443,3,Friday,11,343.7860454430837,84.0,59.459077101217815,24.85759027901515
599,4,Friday,23,331.869465342909,79.0,59.425123210343074,24.80134022114687
155,1,Friday,11,341.6271995279564,133.0,59.405355772227864,24.64836431992255
310,2,Friday,22,349.7380018586086,264.0,59.41896608086496,24.707250753690683
22,0,Friday,22,395.0364019453827,669.0,59.43477534899879,24.749226421647982
21,0,Friday,21,391.2091662773035,595.0,59.43528919197557,24.750406744533496
20,0,Friday,20,391.7365450296477,600.0,59.43515768407702,24.74994299267441
19,0,Friday,19,387.1223142150471,576.0,59.433886537434354,24.751321813284463
18,0,Friday,18,387.82444741482215,568.0,59.43442982325252,24.750803802749832
17,0,Friday,17,385.73501902238996,580.0,59.43325896980836,24.750674522928577
16,0,Friday,16,384.0713144467409,679.0,59.43320781827878,24.75132080635279
15,0,Friday,15,382.52675808151236,653.0,59.43397025759703,24.75136201817954
14,0,Friday,14,378.3941910927497,595.0,59.43304491561061,24.752578519302524
13,0,Friday,13,376.58563771548324,606.0,59.43336365797017,24.751145911453037
12,0,Friday,12,376.7527465005727,448.0,59.43308351082454,24.7511784361823
23,0,Friday,23,396.6583460026175,583.0,59.43607019370262,24.74758385756459
10,0,Friday,10,373.31155304190463,426.0,59.43315178539717,24.751482884408915
1,0,Friday,1,358.41825165546067,424.0,59.43616723750391,24.748990324169714
2,0,Friday,2,359.9685950917403,398.0,59.43539628559744,24.74829739933306
3,0,Friday,3,361.28168753083065,251.0,59.43443575459369,24.748340164477714
4,0,Friday,4,362.90559203549986,226.0,59.43387454535346,24.749443395552298
11,0,Friday,11,373.6723788225214,440.0,59.433133014401555,24.751080829253848
6,0,Friday,6,366.40075907399904,529.0,59.433440465222574,24.74829694561033
7,0,Friday,7,364.96880398241547,597.0,59.43328443582722,24.751980677225756
8,0,Friday,8,368.9163021177706,490.0,59.43384305600117,24.75026570612912
9,0,Friday,9,371.248178986259,513.0,59.43408649913835,24.75264460264134
5,0,Friday,5,364.71187091015645,306.0,59.43416668271543,24.750100049661857
458,3,Monday,2,244.17149153775517,22.0,59.4539071504742,24.86125351822053
457,3,Monday,1,243.83940521207495,33.0,59.45700732072568,24.857575958372035
456,3,Monday,0,245.32442351899417,40.0,59.46422469947275,24.85920545032563
46,0,Monday,22,313.9014205626624,618.0,59.43527593817963,24.74990048775581
45,0,Monday,21,312.15398407594733,555.0,59.43524224316701,24.750826760670694
44,0,Monday,20,310.46644922284537,490.0,59.43547285797299,24.750428716929143
41,0,Monday,17,303.80023232850016,358.0,59.432598179786794,24.751134799930316
42,0,Monday,18,305.95770129461334,287.0,59.43354436588763,24.751076567499254
40,0,Monday,16,302.857620030745,534.0,59.43423482275056,24.751664178269337
39,0,Monday,15,300.64133188310797,456.0,59.43336729221216,24.75051506597428
459,3,Monday,3,247.62168593001934,26.0,59.45777610898521,24.86170850494689
38,0,Monday,14,299.2662841633267,420.0,59.43410769893884,24.7511983800696
37,0,Monday,13,297.28427971865335,449.0,59.433645761893345,24.752178916472726
43,0,Monday,19,308.3995367664097,304.0,59.43475781610438,24.750969281084796
460,3,Monday,4,250.9499457288298,26.0,59.46112599294072,24.861620361155435
465,3,Monday,9,259.8885830515718,65.0,59.4620657645899,24.854025678175052
462,3,Monday,6,254.72418654882148,121.0,59.46187296945972,24.85891958403634
477,3,Monday,21,285.37009030719975,80.0,59.47147692068764,24.85567019862214
476,3,Monday,20,282.95243603008817,88.0,59.46934664380994,24.861293529260852
475,3,Monday,19,279.29758750195026,69.0,59.4649621184175,24.866762923134058
474,3,Monday,18,278.5043504214143,44.0,59.46788610203362,24.856307156383295
473,3,Monday,17,274.97023210974385,71.0,59.463153652416366,24.85856214703178
472,3,Monday,16,273.6254691469134,105.0,59.464457937941205,24.858482211833763
471,3,Monday,15,272.8211858964669,112.0,59.466460814405785,24.85795464717159
470,3,Monday,14,268.98841260029053,100.0,59.46186252020418,24.860255441170878
469,3,Monday,13,268.9030606714034,93.0,59.4660108194298,24.85679487526002
600,4,Monday,0,208.98422439762533,48.0,59.42480002451611,24.798828379654484
467,3,Monday,11,262.945724431924,52.0,59.46062746073611,24.855211710587987
466,3,Monday,10,260.9378154036465,51.0,59.4603578733291,24.85499726651302
36,0,Monday,12,289.07738980270483,363.0,59.43308656694068,24.750675592105193
464,3,Monday,8,257.7494138685405,105.0,59.4601893642818,24.86232420871185
463,3,Monday,7,255.75865094223605,100.0,59.45989596584542,24.861617048933372
461,3,Monday,5,251.1698715291572,66.0,59.45748490850751,24.863496029291454
35,0,Monday,11,293.24803591574033,259.0,59.43240487659587,24.752222434136876
29,0,Monday,5,282.9027340881987,239.0,59.433539081990794,24.749729939285054
33,0,Monday,9,282.31407815651795,262.0,59.43490435910826,24.750614268542478
325,2,Monday,13,256.856883103817,243.0,59.418419413310914,24.70820434378894
324,2,Monday,12,254.96792715965117,240.0,59.41849230513994,24.70730027873299
323,2,Monday,11,252.89540224218032,157.0,59.417619203275464,24.70683487193774
322,2,Monday,10,252.53018066632757,149.0,59.42118453545568,24.709558884935344
321,2,Monday,9,249.52108272378385,183.0,59.41797284725307,24.708090381369924
320,2,Monday,8,249.1173622388332,249.0,59.421034759858095,24.708021151194362
326,2,Monday,14,250.20329622267215,285.0,59.42007482441052,24.707900441811397
319,2,Monday,7,247.28345087411031,351.0,59.42073992579595,24.707237679370557
317,2,Monday,5,244.26072334171144,206.0,59.42230323252326,24.707726569180007
316,2,Monday,4,241.86181373413996,106.0,59.42030481052621,24.709139818752817
315,2,Monday,3,240.95597346248258,66.0,59.42251292281223,24.70510569109172
314,2,Monday,2,238.91288142925418,68.0,59.42166852598901,24.708818084265243
313,2,Monday,1,237.2443151553153,102.0,59.42182611274257,24.709135233704785
312,2,Monday,0,228.78860098596297,132.0,59.41905885690501,24.709289775771442
318,2,Monday,6,246.08617272066036,331.0,59.422158506616626,24.708212121739976
327,2,Monday,15,259.40799983615256,289.0,59.41663361089033,24.70670623500748
328,2,Monday,16,262.8280928576745,314.0,59.41955262902155,24.70778593910674
329,2,Monday,17,263.8492037507277,198.0,59.41831489237097,24.708345187680592
32,0,Monday,8,288.34960853658293,360.0,59.43346004532419,24.75116556227783
31,0,Monday,7,280.0168104067607,493.0,59.432849898248065,24.7508070107455
30,0,Monday,6,281.453925971556,403.0,59.433328048063096,24.748804769684128
28,0,Monday,4,281.6537676771439,176.0,59.43452401059583,24.74872025623696
27,0,Monday,3,279.9981468020402,207.0,59.43468150779043,24.74928203045188
26,0,Monday,2,278.4890836569939,354.0,59.435296384662536,24.747976511248165
25,0,Monday,1,276.96645746608215,474.0,59.43561241045271,24.748942870355734
24,0,Monday,0,272.7446833079993,510.0,59.43579782609295,24.749175530103336
478,3,Monday,22,286.5207664249312,75.0,59.469635976705746,24.859235117355578
335,2,Monday,23,276.85920428514896,128.0,59.42241256265405,24.70900617795959
334,2,Monday,22,273.3505040230937,185.0,59.419956828958505,24.70685795047657
333,2,Monday,21,271.12262916971986,195.0,59.41854666414153,24.707990369182824
332,2,Monday,20,268.03105335908464,173.0,59.415949860235116,24.70737671332237
331,2,Monday,19,267.517659741924,148.0,59.41871361420666,24.7077917236703
330,2,Monday,18,266.49805113601025,173.0,59.42009798194513,24.709116487886387
34,0,Monday,10,291.86685795623464,245.0,59.43375629258432,24.750546952013263
479,3,Monday,23,287.66521421601715,65.0,59.46887608664459,24.85366488139129
601,4,Monday,1,214.70596639745182,27.0,59.43164738339182,24.801219686148194
190,1,Monday,22,277.5574555210841,107.0,59.40199205401986,24.646667625324188
622,4,Monday,22,248.36075163666456,113.0,59.424343282113334,24.802136883226975
621,4,Monday,21,246.81444270812312,118.0,59.42510440431129,24.800847112783185
620,4,Monday,20,245.4087832272406,94.0,59.42597605655687,24.80667302805387
619,4,Monday,19,242.67675912497356,72.0,59.423997513874305,24.799488191583183
618,4,Monday,18,228.83197585148767,91.0,59.425326024610705,24.79983099103306
617,4,Monday,17,240.33252077196664,115.0,59.42611989828724,24.80003218769723
616,4,Monday,16,238.25701061775385,168.0,59.42541572780861,24.80143059936581
615,4,Monday,15,227.5744376478384,164.0,59.42433925745416,24.80200541230168
614,4,Monday,14,235.10137283358037,172.0,59.42630003716556,24.800805489715327
613,4,Monday,13,233.2110500860138,141.0,59.425887895009396,24.801001554590435
612,4,Monday,12,231.76851407043685,118.0,59.42692571859262,24.798969136727735
611,4,Monday,11,228.27265210896917,74.0,59.422903928395044,24.80151197751035
610,4,Monday,10,227.40996883301122,93.0,59.42494241255901,24.804565360462803
609,4,Monday,9,226.7758492090638,67.0,59.42762683333955,24.801147450447097
608,4,Monday,8,213.04888573642663,116.0,59.427146431675055,24.799413106189235
607,4,Monday,7,224.53155807704758,145.0,59.43018663322812,24.800676455016955
606,4,Monday,6,220.4827552288375,125.0,59.42508931781645,24.801815607305585
605,4,Monday,5,220.08383695136195,81.0,59.42787095568623,24.800660263833336
604,4,Monday,4,218.19470874618983,55.0,59.42806246565064,24.802183511415883
603,4,Monday,3,216.44061902736397,43.0,59.42791631735894,24.802472078758193
602,4,Monday,2,214.56739874713224,30.0,59.4276642487447,24.803724718103854
623,4,Monday,23,251.7145271503258,58.0,59.42826829643137,24.795495678553582
191,1,Monday,23,278.9374352840037,74.0,59.401387126524995,24.64685766224024
468,3,Monday,12,267.01939538871363,82.0,59.465903518761266,24.856207824156584
174,1,Monday,6,250.5464845259127,146.0,59.4046153554888,24.64733981639538
168,1,Monday,0,238.64899711964614,61.0,59.40152360128846,24.65070320758393
169,1,Monday,1,239.26594326650508,49.0,59.401844333529,24.63253048078729
170,1,Monday,2,242.2953800343045,42.0,59.401997185525694,24.650855940068624
171,1,Monday,3,243.5923888579875,25.0,59.40123172125709,24.647282026942367
172,1,Monday,4,243.7332748871893,46.0,59.397463521851606,24.65038149621989
173,1,Monday,5,247.8526770992627,111.0,59.40331716858794,24.64334645841372
175,1,Monday,7,250.6023762988518,138.0,59.400913814017215,24.649877028970792
176,1,Monday,8,253.55671564081902,115.0,59.40333598178031,24.650876442222685
177,1,Monday,9,255.4544093938125,87.0,59.40368447817169,24.64913659723267
178,1,Monday,10,240.18175736923203,61.0,59.40124690959055,24.648593507969792
47,0,Monday,23,315.8112067504136,469.0,59.435552818748114,24.748520401244416
180,1,Monday,12,261.99568997086163,108.0,59.40647017847711,24.646564228413332
179,1,Monday,11,258.87432289608563,56.0,59.40343165924984,24.647979270996483
188,1,Monday,20,274.13125027877356,144.0,59.40216157667381,24.649676172520415
187,1,Monday,19,274.4145623435854,83.0,59.40654309828689,24.647910909163826
186,1,Monday,18,271.21452229967,110.0,59.40417943718864,24.644356785840852
185,1,Monday,17,266.30445883782994,115.0,59.39749571217615,24.644175171333984
189,1,Monday,21,275.8223906105783,103.0,59.40174989591543,24.6492564654767
183,1,Monday,15,265.8288084595673,154.0,59.403594795541615,24.646109676957252
182,1,Monday,14,264.0343091083761,126.0,59.404045196631394,24.644671494643646
181,1,Monday,13,252.05235580024024,124.0,59.40548846887985,24.648371113008505
184,1,Monday,16,267.81871399151356,180.0,59.405007108381405,24.641107509663406
493,3,Saturday,13,401.86777647160557,138.0,59.46028772924434,24.856858693597694
484,3,Saturday,4,384.61815802931443,57.0,59.45709456449966,24.87300444663795
485,3,Saturday,5,385.02678128585535,96.0,59.45476067690233,24.863791944509725
486,3,Saturday,6,389.1143459315734,120.0,59.460015364047436,24.863756007614445
487,3,Saturday,7,390.4123862988639,135.0,59.45882960177488,24.864308635741484
488,3,Saturday,8,393.13124681029575,114.0,59.46122134398405,24.863804866434897
489,3,Saturday,9,395.1066594522643,88.0,59.462537873144626,24.855675848912448
490,3,Saturday,10,399.10588016520376,80.0,59.46729631092914,24.858871379140318
491,3,Saturday,11,399.63378369651144,101.0,59.464566676089376,24.85568259176331
492,3,Saturday,12,401.44359719540404,117.0,59.4647698299412,24.85596176204916
646,4,Saturday,22,382.77830178468065,182.0,59.42348126599289,24.79993407354721
624,4,Saturday,0,346.0084408240199,44.0,59.42831861933235,24.79573122796555
495,3,Saturday,15,407.2543332665531,149.0,59.46571579594605,24.85556908703487
496,3,Saturday,16,408.8815628172605,165.0,59.465373565294264,24.85812955656745
497,3,Saturday,17,411.07483693007225,140.0,59.466309460269386,24.857458964261635
498,3,Saturday,18,412.36109802831413,135.0,59.4654628458475,24.85605606098144
499,3,Saturday,19,414.88216317046897,124.0,59.466980388336346,24.856973360628192
500,3,Saturday,20,415.7569587428892,136.0,59.464705118084815,24.85995228064203
501,3,Saturday,21,420.37670161380584,147.0,59.47128107264624,24.85764856045251
502,3,Saturday,22,401.0422797235711,124.0,59.4662635540466,24.86091672075125
503,3,Saturday,23,421.7939203086472,105.0,59.46629964401701,24.859347140907104
483,3,Saturday,3,384.3866008380513,37.0,59.46174050196349,24.8581436292252
494,3,Saturday,14,404.00792031777587,146.0,59.46257380857568,24.855825749033087
482,3,Saturday,2,380.71569933343744,24.0,59.45783550182128,24.85726883160187
481,3,Saturday,1,380.6685724207401,46.0,59.46152235170849,24.85794669050927
336,2,Saturday,0,370.86556376572753,132.0,59.422944189135364,24.70734423984611
627,4,Saturday,3,348.05998530113925,45.0,59.41981449310385,24.81096503519146
628,4,Saturday,4,353.122112786416,50.0,59.428488733159895,24.79513082903602
629,4,Saturday,5,352.1724524875644,105.0,59.42206996211422,24.80297812696218
630,4,Saturday,6,356.4475371084853,161.0,59.427429579239835,24.802570789513215
631,4,Saturday,7,357.5717092818117,176.0,59.42653544863203,24.80059283428736
632,4,Saturday,8,359.3981353762166,151.0,59.42616487550066,24.802124728843083
633,4,Saturday,9,361.8607798599225,124.0,59.42555886362227,24.801786805933087
634,4,Saturday,10,362.33748039224406,117.0,59.424826572761184,24.803433110739064
635,4,Saturday,11,363.8078403283463,130.0,59.42246231376582,24.802689988600296
636,4,Saturday,12,366.0276175506612,173.0,59.4255912622818,24.799380304739056
637,4,Saturday,13,367.7412869457269,203.0,59.42528287509979,24.800721764336974
638,4,Saturday,14,362.8206623394262,255.0,59.42375526091571,24.80030430431297
639,4,Saturday,15,371.62472886441464,266.0,59.42606970455746,24.801673221922076
640,4,Saturday,16,373.16204404223475,248.0,59.4260855882821,24.79853230053096
641,4,Saturday,17,375.2876204975544,234.0,59.4264863995707,24.798272717196784
642,4,Saturday,18,377.2802672305167,188.0,59.42654582914766,24.79907120978918
643,4,Saturday,19,378.1953162314105,123.0,59.425008761094155,24.800697673778064
644,4,Saturday,20,379.58757714676375,148.0,59.424216816774944,24.800684655602286
645,4,Saturday,21,381.0083310635161,181.0,59.42366706211313,24.800647471927704
626,4,Saturday,2,350.2777340645909,31.0,59.429249990551156,24.801884907050884
625,4,Saturday,1,348.9309777689846,29.0,59.43012717233892,24.8020427131977
480,3,Saturday,0,380.0569127822886,33.0,59.46329174203049,24.86292379235008
358,2,Saturday,22,409.22423118186606,341.0,59.422396732547185,24.706017374094415
337,2,Saturday,1,370.46778589061637,110.0,59.4193942722329,24.707242334608516
338,2,Saturday,2,374.2796028528436,71.0,59.422636564339676,24.707259660744157
339,2,Saturday,3,375.7347533812508,80.0,59.42228566879476,24.708832383283685
340,2,Saturday,4,376.26235389470145,142.0,59.41914324169823,24.708055428694244
341,2,Saturday,5,378.8385602041769,267.0,59.42150813456949,24.705659954202396
342,2,Saturday,6,381.7031868339963,437.0,59.42231586374124,24.708919025459974
343,2,Saturday,7,372.93783518279724,472.0,59.41937923851681,24.70762269001589
344,2,Saturday,8,383.90018270646436,376.0,59.42068806971001,24.708333832342785
345,2,Saturday,9,385.629350110463,270.0,59.42023696041834,24.710512620282447
647,4,Saturday,23,386.99344700334376,135.0,59.42869495737849,24.801296945203195
346,2,Saturday,10,386.4047198758727,257.0,59.41869546328606,24.707893873657593
349,2,Saturday,13,392.04007365268933,378.0,59.41814368351119,24.71002902799644
350,2,Saturday,14,392.9485101706962,430.0,59.416994109497324,24.70910872662664
351,2,Saturday,15,394.53870660415004,418.0,59.417090986477625,24.707740692778795
352,2,Saturday,16,397.30107774319833,478.0,59.41912991608579,24.707743863729753
353,2,Saturday,17,399.05416042246753,341.0,59.41888258897151,24.709032035170516
354,2,Saturday,18,395.3820670632404,313.0,59.41678726176907,24.707267580810843
355,2,Saturday,19,401.14124183700716,314.0,59.419869524111114,24.707385408036565
356,2,Saturday,20,403.2923330972756,279.0,59.41666850463414,24.709078347990705
357,2,Saturday,21,406.49496398468585,353.0,59.419861302285675,24.70703913676498
348,2,Saturday,12,390.2039157949563,355.0,59.41889154044732,24.708585037506904
347,2,Saturday,11,383.1406065292214,298.0,59.417524457653506,24.708050513060886
359,2,Saturday,23,411.80308448699407,219.0,59.423618404465564,24.70666241046461
205,1,Saturday,13,397.9428622495833,175.0,59.405240907645805,24.644743784462698
62,0,Saturday,14,433.67376414629047,632.0,59.43314617586265,24.751603389077026
61,0,Saturday,13,432.195160204436,535.0,59.433524917016975,24.751754576140144
60,0,Saturday,12,430.0377538992564,503.0,59.43267850193276,24.752038805487096
59,0,Saturday,11,428.83069774407124,446.0,59.433871372582935,24.75268082813423
58,0,Saturday,10,423.3270960989295,398.0,59.43365681922217,24.75208399671239
56,0,Saturday,8,422.19720003698467,442.0,59.4339667916252,24.750796669275537
55,0,Saturday,7,421.0286480670663,637.0,59.43252958832851,24.74970554118191
54,0,Saturday,6,419.3662300062618,559.0,59.432922415122775,24.748922535831394
53,0,Saturday,5,417.58326324082674,326.0,59.43278076242481,24.7505395787893
52,0,Saturday,4,416.4070788225417,224.0,59.43402376316937,24.749653936988892
51,0,Saturday,3,414.91586126996543,270.0,59.4345612856419,24.749778853801843
50,0,Saturday,2,413.2292540878423,419.0,59.435053175421906,24.748674802796423
204,1,Saturday,12,395.5656766548215,131.0,59.40427942896278,24.645675493726323
203,1,Saturday,11,392.764796190047,122.0,59.40131940847054,24.647707992408876
202,1,Saturday,10,390.34410543861605,108.0,59.400006005297456,24.647458040296637
201,1,Saturday,9,390.61712441290564,136.0,59.40477264997071,24.646653428494705
200,1,Saturday,8,387.5639963380734,165.0,59.402181487788305,24.643305373279855
199,1,Saturday,7,385.9644444446696,181.0,59.40218746059803,24.65029353343296
198,1,Saturday,6,385.88692868845106,178.0,59.40500938277924,24.650726617122032
197,1,Saturday,5,381.36646561509065,148.0,59.4001973792645,24.644892575745107
196,1,Saturday,4,378.5095132291215,67.0,59.398719238482826,24.639801591362016
195,1,Saturday,3,377.56977036445016,36.0,59.39860655825807,24.650243065309215
194,1,Saturday,2,378.4287020112516,43.0,59.407529948458425,24.638085033886153
193,1,Saturday,1,372.239242435115,49.0,59.395841611412976,24.643532169156238
49,0,Saturday,1,411.7697623069661,458.0,59.4358426872619,24.748016555436052
192,1,Saturday,0,371.7326570916361,74.0,59.39708110772387,24.655207873230818
48,0,Saturday,0,410.1031558897422,556.0,59.435618637004296,24.748567962217813
63,0,Saturday,15,435.40410683298416,701.0,59.432897707684816,24.751566795655673
64,0,Saturday,16,437.5834473080331,714.0,59.43341470299065,24.750652499801294
57,0,Saturday,9,424.7884774756394,445.0,59.43451595709928,24.751761970571376
66,0,Saturday,18,441.42541148164577,593.0,59.43385788950523,24.751407785666803
65,0,Saturday,17,439.19929242471164,664.0,59.43354353950767,24.750681512355204
215,1,Saturday,23,414.264363697149,119.0,59.402186031222264,24.647915577099763
214,1,Saturday,22,413.9048465116533,181.0,59.40555423368964,24.644576038433964
213,1,Saturday,21,410.2425082241208,158.0,59.401441988225166,24.64359066450681
211,1,Saturday,19,408.6050540742333,160.0,59.40539926609112,24.64579906439895
210,1,Saturday,18,400.77222006941906,218.0,59.40446579533532,24.646272835238715
209,1,Saturday,17,396.2184705458493,205.0,59.400495474605265,24.648689656981116
208,1,Saturday,16,402.9509080313001,225.0,59.404617019283016,24.644963250119755
212,1,Saturday,20,409.5567378266197,173.0,59.40371076291536,24.64567746074408
206,1,Saturday,14,398.5615871308881,207.0,59.40292310024608,24.643794874120562
71,0,Saturday,23,450.81634245389694,859.0,59.435988194757414,24.7489596641086
70,0,Saturday,22,448.8744694176873,1065.0,59.435613600837684,24.748707046007567
69,0,Saturday,21,447.18922004186624,904.0,59.435335976288535,24.749889828223864
68,0,Saturday,20,444.79952300677957,742.0,59.43448066198814,24.750356072156254
207,1,Saturday,15,402.48271302089177,199.0,59.40705975929048,24.646922899752045
67,0,Saturday,19,443.25415437326365,598.0,59.43525131631383,24.750727446863596
666,4,Sunday,18,298.2320821518819,89.0,59.426281588772724,24.79683585652639
665,4,Sunday,17,294.88585836433924,106.0,59.423306916509944,24.799774791376898
664,4,Sunday,16,287.049168764683,210.0,59.42581042041762,24.800635349379537
663,4,Sunday,15,292.15828220035894,215.0,59.42420572074475,24.802230395661162
662,4,Sunday,14,290.35343854467703,200.0,59.42430805893257,24.8009102773755
660,4,Sunday,12,287.5619095966275,126.0,59.42578621794623,24.8007630150453
226,1,Sunday,10,300.89465469412,74.0,59.4044631249922,24.650548747501304
659,4,Sunday,11,284.5261982842195,87.0,59.4232075590929,24.803103478662404
667,4,Sunday,19,299.19592463084234,91.0,59.42446964113706,24.79753890840944
657,4,Sunday,9,281.0405828485074,87.0,59.42316891980222,24.801505681085814
658,4,Sunday,10,283.2266246343389,79.0,59.42379510629448,24.803419093694636
661,4,Sunday,13,289.3224895653798,157.0,59.4258420343431,24.801266466859182
668,4,Sunday,20,303.84286031260837,98.0,59.431060876453536,24.80131385793043
220,1,Sunday,4,302.1930482459299,61.0,59.40254901017278,24.64869000932563
670,4,Sunday,22,302.93764310442833,149.0,59.421097579365075,24.800557665573976
225,1,Sunday,9,311.00737968609826,85.0,59.40216358530276,24.648134691357036
224,1,Sunday,8,310.85035212742065,126.0,59.406289805429665,24.645007475478277
223,1,Sunday,7,307.0760060830463,129.0,59.401490567263636,24.646976241994153
222,1,Sunday,6,304.47520714229944,165.0,59.399953410238375,24.646064905464534
221,1,Sunday,5,302.9657891579908,114.0,59.40030024377254,24.646927414546077
219,1,Sunday,3,299.27738169629805,29.0,59.39996860916042,24.646907984225283
218,1,Sunday,2,298.07942951771383,32.0,59.40209903835469,24.641633416436132
217,1,Sunday,1,298.42677813926883,51.0,59.405927853006716,24.64331753541348
216,1,Sunday,0,293.18707837712566,84.0,59.3981246429856,24.652115286464237
75,0,Sunday,3,336.33000135107267,238.0,59.43487329324812,24.749386916800447
656,4,Sunday,8,280.6206699826185,116.0,59.4259106364093,24.803210727826173
669,4,Sunday,21,302.56320844513607,144.0,59.42320590964604,24.80020900336502
655,4,Sunday,7,279.757556402254,124.0,59.42811205636903,24.80006886210142
508,3,Sunday,4,305.92949946190566,46.0,59.45757029104031,24.86982793073058
653,4,Sunday,5,277.12871707767033,91.0,59.42977184660123,24.801500174231073
527,3,Sunday,23,345.8879148680038,76.0,59.47022466987727,24.86130876234442
72,0,Sunday,0,331.4608718142967,588.0,59.43599249740685,24.748927909812576
73,0,Sunday,1,333.30570401292124,500.0,59.436103195922705,24.748389774954912
95,0,Sunday,23,372.24522586215755,719.0,59.43582066039335,24.748487280072688
94,0,Sunday,22,370.03064788995187,849.0,59.435073231249184,24.749783505653326
93,0,Sunday,21,368.09389914968637,726.0,59.434841135434475,24.749544161102595
92,0,Sunday,20,366.71199326270477,651.0,59.435511464741865,24.750927220239678
91,0,Sunday,19,364.3964601905754,346.0,59.434862101114575,24.75093322177329
90,0,Sunday,18,362.53630463890255,343.0,59.43393292610322,24.749964500453782
89,0,Sunday,17,360.65559344097284,347.0,59.433980244311726,24.750140879295422
88,0,Sunday,16,354.81012941046646,590.0,59.43331839322097,24.750882456780175
87,0,Sunday,15,357.1582561538196,539.0,59.43386650160768,24.75071001973744
86,0,Sunday,14,355.1643617128928,509.0,59.433467792415414,24.75183662608237
85,0,Sunday,13,353.7388633151986,482.0,59.43401121175776,24.751566786144974
84,0,Sunday,12,345.3633461001802,415.0,59.43287895318014,24.7517405608165
83,0,Sunday,11,348.8683259710407,296.0,59.432991461848694,24.75143585229681
82,0,Sunday,10,338.99331391589345,302.0,59.433268830396614,24.75196953706602
81,0,Sunday,9,338.1290089534656,312.0,59.43448318658461,24.751544680922947
80,0,Sunday,8,344.9829474873483,394.0,59.43389437520008,24.75048905439518
79,0,Sunday,7,339.38283203908856,527.0,59.43323562861957,24.750235596304933
78,0,Sunday,6,340.80200077400303,404.0,59.433052860904816,24.750015639084623
77,0,Sunday,5,338.9979807998951,269.0,59.43328948562593,24.750859348265546
76,0,Sunday,4,338.15592208720994,178.0,59.435272412578826,24.74935398993344
526,3,Sunday,22,339.97446825754747,111.0,59.46340245977169,24.85719095750717
654,4,Sunday,6,277.6195669010827,148.0,59.4273446151415,24.80192991232937
525,3,Sunday,21,340.8656041787723,99.0,59.46976249984858,24.854634062824825
523,3,Sunday,19,334.5750988119663,69.0,59.46277688627968,24.864517617418212
652,4,Sunday,4,276.899360543289,48.0,59.43328482575864,24.80200709541235
651,4,Sunday,3,270.78684770687045,33.0,59.42335990379537,24.807502675793614
650,4,Sunday,2,268.3714917248102,38.0,59.42287864113445,24.801615890740106
649,4,Sunday,1,270.2971146359225,27.0,59.430455119652606,24.800762081282098
648,4,Sunday,0,242.42324046220577,58.0,59.4250867172746,24.800591004680363
504,3,Sunday,0,301.19538915015744,54.0,59.46320174205617,24.862808161561347
505,3,Sunday,1,296.8954297119141,36.0,59.450078030341615,24.860245747191634
506,3,Sunday,2,303.49275445748145,23.0,59.45960204978255,24.87235818024093
507,3,Sunday,3,306.83181540622377,27.0,59.46381187010251,24.864143330942802
227,1,Sunday,11,315.6497474472164,74.0,59.40437001963082,24.651600924451
509,3,Sunday,5,308.14163840613196,97.0,59.45897701914123,24.86381231590406
510,3,Sunday,6,311.21027065635883,121.0,59.46246333762409,24.859756748215126
511,3,Sunday,7,312.41878108796215,116.0,59.460649564771586,24.862764268313903
512,3,Sunday,8,316.66578894530943,106.0,59.4665741137458,24.861745786263914
513,3,Sunday,9,314.83209019495945,70.0,59.458721970037054,24.85701053919455
514,3,Sunday,10,318.3703186884347,56.0,59.46258377188875,24.856939064885996
516,3,Sunday,12,322.84502665262767,83.0,59.464737973574785,24.860700128947627
517,3,Sunday,13,323.77100922570304,104.0,59.462989894571145,24.85741942623198
518,3,Sunday,14,327.3583321519288,110.0,59.46728834558034,24.856514925311377
519,3,Sunday,15,309.8958025980166,139.0,59.46144045689353,24.85782804104131
520,3,Sunday,16,331.3578366466991,143.0,59.4680363902413,24.858962738336533
521,3,Sunday,17,333.4098911780687,81.0,59.468371462756686,24.859000447720796
522,3,Sunday,18,332.0222004610267,75.0,59.46131585286666,24.858219030917976
524,3,Sunday,20,340.75115331471125,109.0,59.473633842589244,24.854115612207565
228,1,Sunday,12,314.97476323240255,126.0,59.40114786497223,24.642203287560108
515,3,Sunday,11,322.67243674161097,59.0,59.46943744678373,24.851803873849338
230,1,Sunday,14,322.449926964008,148.0,59.40552541034872,24.65197559111587
381,2,Sunday,21,327.63677795926367,262.0,59.41960291826577,24.70647233153826
380,2,Sunday,20,321.51043422761273,253.0,59.421373686018484,24.706013145044295
379,2,Sunday,19,321.5310387572024,158.0,59.41784559651038,24.7084556412188
378,2,Sunday,18,321.3068132550799,210.0,59.41708219872837,24.708200657453645
377,2,Sunday,17,319.5902819759458,249.0,59.416769618098165,24.70822283979941
376,2,Sunday,16,318.9877761130512,383.0,59.41965888208283,24.707959152039678
375,2,Sunday,15,316.70871134477477,359.0,59.41857593716293,24.707869101850804
374,2,Sunday,14,315.27946688714366,337.0,59.41928033273575,24.708074199873728
373,2,Sunday,13,312.0554020393842,302.0,59.416339531385965,24.707487164526654
372,2,Sunday,12,311.10782867880334,291.0,59.417352406175226,24.70891980428814
371,2,Sunday,11,290.8569461689871,167.0,59.41353751476385,24.7074280886945
370,2,Sunday,10,308.02826148730406,177.0,59.41883139287294,24.709563219303632
369,2,Sunday,9,306.46969233706676,196.0,59.41894895332925,24.708942457001083
368,2,Sunday,8,305.7256000006059,308.0,59.42152231064164,24.709328552803456
367,2,Sunday,7,300.17930943983384,369.0,59.4214358505234,24.707636488476236
366,2,Sunday,6,302.85832080238663,309.0,59.42313352275117,24.708850573877992
365,2,Sunday,5,298.7891257705104,205.0,59.41830956953563,24.706373374404496
364,2,Sunday,4,298.03920662407404,118.0,59.420182446348406,24.709637938887415
363,2,Sunday,3,297.21779742158986,84.0,59.42283227992192,24.70418208469344
362,2,Sunday,2,295.9124331666825,84.0,59.42343422170717,24.70863845608857
361,2,Sunday,1,293.8990627170734,104.0,59.42281020984035,24.707532477701246
360,2,Sunday,0,291.4172612334735,129.0,59.42126665740829,24.70824303475737
229,1,Sunday,13,319.38719748255676,123.0,59.40548012279042,24.64568375378425
382,2,Sunday,22,328.3032607288887,315.0,59.418947153944764,24.70663381978454
383,2,Sunday,23,331.6377792581464,224.0,59.42032253033288,24.707731178074802
74,0,Sunday,2,334.56305202663594,419.0,59.434980387165936,24.74895673558188
235,1,Sunday,19,330.05959051517226,106.0,59.40605869503915,24.644212474659586
236,1,Sunday,20,323.9280818056118,155.0,59.40695582952521,24.643220695136083
239,1,Sunday,23,336.7441987010257,143.0,59.40500540053348,24.644892048341234
234,1,Sunday,18,326.50639688993687,129.0,59.40171453770545,24.644807603869776
233,1,Sunday,17,314.23141491078746,117.0,59.40438382026515,24.644400783677142
232,1,Sunday,16,324.72775018538147,192.0,59.406067176004235,24.642357707526923
671,4,Sunday,23,308.38783412987846,88.0,59.428809568266296,24.801961112579672
237,1,Sunday,21,333.17018411179845,147.0,59.40475815059198,24.646374296299218
238,1,Sunday,22,335.09472225739546,136.0,59.40514240183463,24.644092172601912
231,1,Sunday,15,323.0893818308026,168.0,59.40528588206863,24.64840510987365
247,1,Thursday,7,296.7073229225839,152.0,59.40347217324566,24.651052306520533
244,1,Thursday,4,250.40577334396374,49.0,59.40333745713642,24.64870479747848
243,1,Thursday,3,285.8100195505453,28.0,59.394379816301175,24.65432054089265
248,1,Thursday,8,297.7400991756841,127.0,59.402026451133665,24.646040827077314
249,1,Thursday,9,299.5110034616054,122.0,59.4018015056149,24.648594442691348
250,1,Thursday,10,302.6353406537481,109.0,59.40526438586273,24.64550209606178
251,1,Thursday,11,303.1790458306949,123.0,59.40228651730328,24.64869570534081
252,1,Thursday,12,305.85529471311577,115.0,59.40391937326009,24.649350733728177
246,1,Thursday,6,294.26419336819765,152.0,59.40202091212366,24.647957358218274
245,1,Thursday,5,295.17701124526775,105.0,59.408268402697054,24.6453667424028
688,4,Thursday,16,282.3952960870128,195.0,59.42398702982849,24.80043039913963
242,1,Thursday,2,284.79385663336376,27.0,59.39711865749804,24.645959416218975
551,3,Thursday,23,333.17142873877793,54.0,59.466372276444964,24.86273393953927
550,3,Thursday,22,304.02150231051934,84.0,59.47073299532448,24.85818726750147
549,3,Thursday,21,331.2955800859998,97.0,59.473670574068265,24.85494060152428
548,3,Thursday,20,327.8077176482487,108.0,59.46971145144802,24.85623461125146
547,3,Thursday,19,322.18295518563906,101.0,59.46060535600833,24.860440435083024
546,3,Thursday,18,320.95578110131504,113.0,59.46266237045713,24.854723598387338
687,4,Thursday,15,274.05060475279845,194.0,59.42510404465543,24.801534488057566
544,3,Thursday,16,319.0233629396506,164.0,59.46567360731839,24.858051641803566
543,3,Thursday,15,315.6790319059852,118.0,59.461826053856214,24.858771547277556
542,3,Thursday,14,299.8919013975907,159.0,59.463070845193926,24.85500023554751
253,1,Thursday,13,306.11097631354227,128.0,59.401267633446174,24.645775044905264
541,3,Thursday,13,284.07548910394917,109.0,59.45873366907987,24.858913033038622
254,1,Thursday,14,308.3035750369182,186.0,59.40195342820248,24.646229947110573
256,1,Thursday,16,309.2243541404093,196.0,59.40376893301409,24.64015639540742
96,0,Thursday,0,312.7972545189826,432.0,59.43602924694002,24.74824135031258
97,0,Thursday,1,321.6821618947148,389.0,59.4357801062792,24.74946185432109
98,0,Thursday,2,323.1073965274784,296.0,59.43485038307891,24.748073543652353
99,0,Thursday,3,324.98709713615955,253.0,59.43485584029362,24.74967359972317
100,0,Thursday,4,326.0383157895322,211.0,59.433096557802074,24.7502090287827
101,0,Thursday,5,327.38696152406516,252.0,59.43268458884288,24.749552175253264
102,0,Thursday,6,329.429192723305,425.0,59.433087562783115,24.749289109560895
103,0,Thursday,7,331.2073981515941,515.0,59.432945508065515,24.750872974142908
104,0,Thursday,8,333.32978538639304,409.0,59.433661006065726,24.751824169126287
105,0,Thursday,9,335.3570823436479,418.0,59.43392766350391,24.752421489398508
106,0,Thursday,10,337.0909562439488,475.0,59.43358796849114,24.752554092265658
107,0,Thursday,11,338.48795875785356,426.0,59.43331946306417,24.752304248278158
108,0,Thursday,12,340.2375153754738,385.0,59.433277604750955,24.75140916779926
109,0,Thursday,13,342.3704765190654,469.0,59.43408837958902,24.751469924689623
110,0,Thursday,14,343.75676780677213,577.0,59.43340193383138,24.751730045810582
111,0,Thursday,15,345.4281309139543,572.0,59.432960638126964,24.750408366676602
112,0,Thursday,16,346.9099597631851,620.0,59.43254805830729,24.749920088191953
257,1,Thursday,17,305.08318233064915,153.0,59.403398075309596,24.64469276913181
258,1,Thursday,18,317.04774704828696,140.0,59.40568501423417,24.647624760017713
259,1,Thursday,19,319.46225914788766,126.0,59.406573688672424,24.648277482948554
260,1,Thursday,20,321.98813970357816,131.0,59.40844443988395,24.646400116341717
261,1,Thursday,21,321.4664327075381,129.0,59.40118117228864,24.648754950785
262,1,Thursday,22,322.9905904904917,100.0,59.40297645972184,24.649319734867802
255,1,Thursday,15,310.9204925007239,168.0,59.404373611119006,24.644614355244705
263,1,Thursday,23,324.66821508833334,91.0,59.40348142395224,24.643012152092176
118,0,Thursday,22,358.5786090349076,634.0,59.434905364779524,24.748951188010256
117,0,Thursday,21,357.20039454216965,600.0,59.435646861232165,24.750089511516098
116,0,Thursday,20,352.8773746345765,570.0,59.43543807925755,24.749452832347668
115,0,Thursday,19,353.3124283899286,508.0,59.434827866817415,24.750964387173262
114,0,Thursday,18,350.6218571974717,469.0,59.432829572148464,24.750173658570706
113,0,Thursday,17,349.1821989180664,471.0,59.43326569397976,24.751677498079076
119,0,Thursday,23,360.81550190073216,523.0,59.435889049540904,24.748916196986908
540,3,Thursday,12,310.1069102611681,91.0,59.46149849332483,24.85821958140991
545,3,Thursday,17,320.1642312699511,106.0,59.463897932375396,24.859121402757573
538,3,Thursday,10,306.84340860631073,87.0,59.461993011219505,24.859402111870914
388,2,Thursday,4,285.80826243731485,124.0,59.41839291587963,24.707513016885486
389,2,Thursday,5,288.40319255316825,219.0,59.42055345594425,24.70756290247936
390,2,Thursday,6,286.8115754430563,357.0,59.42120982358261,24.708832716642004
391,2,Thursday,7,291.3215091879575,396.0,59.418992208545454,24.707409414224212
392,2,Thursday,8,286.1012196738137,294.0,59.42079925501768,24.709355453789623
393,2,Thursday,9,294.9574413632279,263.0,59.419144779542975,24.709035556727546
539,3,Thursday,11,308.5434015706902,89.0,59.46151395243398,24.863137527000823
395,2,Thursday,11,297.9165934778748,308.0,59.41789652991274,24.707997588239035
396,2,Thursday,12,298.68159392021107,274.0,59.414799441193345,24.70791446361764
397,2,Thursday,13,301.68341501176207,282.0,59.418195472242274,24.709168873643605
398,2,Thursday,14,303.7161387166442,395.0,59.418806228452056,24.708706270705914
399,2,Thursday,15,304.32537269867174,386.0,59.41638686393616,24.70961408002821
387,2,Thursday,3,283.46069202669986,69.0,59.41713915832092,24.706838920726693
400,2,Thursday,16,307.33180496142205,362.0,59.41922156102837,24.707077780682912
402,2,Thursday,18,310.57634384931725,271.0,59.41850447619493,24.70766703216547
403,2,Thursday,19,313.07306280269813,243.0,59.41978289975552,24.708801908879984
404,2,Thursday,20,313.33696041149267,218.0,59.41635977879229,24.707853374882767
405,2,Thursday,21,315.5624745319979,224.0,59.41796426327983,24.706924951510935
406,2,Thursday,22,317.54902922114456,247.0,59.41884785257707,24.70599124031213
407,2,Thursday,23,320.32952482669117,176.0,59.42037531079584,24.706989480018603
694,4,Thursday,22,292.7644387530902,120.0,59.42356801256451,24.797987124267728
693,4,Thursday,21,292.8168562482828,122.0,59.4271906596419,24.800312457789957
692,4,Thursday,20,290.8299595429893,93.0,59.42671707613886,24.801272763518348
691,4,Thursday,19,288.57870607499814,114.0,59.42570305735351,24.80070215067585
690,4,Thursday,18,285.22802946256445,137.0,59.42251491548612,24.800184693728497
689,4,Thursday,17,285.2793487338779,162.0,59.42662523887955,24.797612218417683
401,2,Thursday,17,310.0783022539227,308.0,59.420931525338005,24.708527014134418
386,2,Thursday,2,286.3677203398846,73.0,59.42517996698175,24.708019364262967
394,2,Thursday,10,296.6373351428752,287.0,59.41880129073111,24.708208954898947
384,2,Thursday,0,281.8829573435034,122.0,59.42397221110401,24.707144286437437
537,3,Thursday,9,304.0937322066935,99.0,59.45995959232139,24.858865427442442
536,3,Thursday,8,304.66138248657836,89.0,59.46434765340718,24.865603456344033
535,3,Thursday,7,298.3367307305192,104.0,59.4541975120877,24.86524086637716
534,3,Thursday,6,298.96021681928755,100.0,59.46025137371521,24.85650726978916
385,2,Thursday,1,283.06030003832035,75.0,59.423570659990204,24.71004483009025
531,3,Thursday,3,290.6357723384741,29.0,59.45138774503007,24.87035436587876
530,3,Thursday,2,292.784767741726,25.0,59.4615823645347,24.868655676542716
529,3,Thursday,1,285.7223563647506,25.0,59.449940647767036,24.869521456045092
528,3,Thursday,0,292.48590756722183,28.0,59.46938206298988,24.86115139945944
241,1,Thursday,1,285.9806807267015,40.0,59.40470114399069,24.63406141225751
240,1,Thursday,0,283.5200731101625,61.0,59.401618400414044,24.649803521659486
695,4,Thursday,23,295.9506842642563,68.0,59.42684073129021,24.796802713988377
672,4,Thursday,0,255.90160508506557,41.0,59.42754248283459,24.80110810401636
673,4,Thursday,1,259.0530500733002,29.0,59.43045966506303,24.80389508194851
533,3,Thursday,5,296.6982475780254,111.0,59.45850617920233,24.86760485745034
675,4,Thursday,3,259.5119301378334,34.0,59.42396478395466,24.80462815904861
674,4,Thursday,2,259.13736442170654,20.0,59.42662873414192,24.808661207885198
686,4,Thursday,14,278.96048154837285,206.0,59.42399839900057,24.800047621881472
685,4,Thursday,13,276.38840039426555,182.0,59.42253223140134,24.799767293690834
684,4,Thursday,12,269.82832286975446,153.0,59.42582800633093,24.800293208804224
683,4,Thursday,11,272.7500535889124,134.0,59.421941676144385,24.802008211532968
682,4,Thursday,10,272.0381577496046,128.0,59.42411033654926,24.802813290446398
532,3,Thursday,4,295.85070936320136,47.0,59.460650426636036,24.86536620366857
680,4,Thursday,8,258.14225924246284,126.0,59.4253967995922,24.802628989771307
679,4,Thursday,7,268.4326002032068,168.0,59.42788278855952,24.802781468447854
678,4,Thursday,6,265.71651854720005,150.0,59.42599372376512,24.802102420510177
677,4,Thursday,5,264.8883716452544,96.0,59.42761281739444,24.803351707428558
676,4,Thursday,4,262.0872431969995,44.0,59.42583603846867,24.799086230961713
681,4,Thursday,9,269.9477826596673,118.0,59.42404531935048,24.79830142040005
717,4,Wednesday,21,327.7425727358944,131.0,59.42193410853509,24.799306052130746
716,4,Wednesday,20,328.4378803810617,110.0,59.42694034765448,24.802391367272424
715,4,Wednesday,19,326.36160829538306,137.0,59.42646859706809,24.798638060879455
714,4,Wednesday,18,324.4483301033613,158.0,59.42608868180417,24.800383730289795
713,4,Wednesday,17,322.4828735078808,204.0,59.42604471892271,24.79912657512262
712,4,Wednesday,16,322.2619332671891,214.0,59.42893560867179,24.799517515775126
711,4,Wednesday,15,313.2734761943589,240.0,59.425648839860386,24.801207294319493
710,4,Wednesday,14,316.66745803463255,219.0,59.424614112995954,24.799904853851547
709,4,Wednesday,13,315.5112710758433,172.0,59.42554363049357,24.801903595861347
708,4,Wednesday,12,313.6419243550591,132.0,59.4256186521749,24.800001154401
705,4,Wednesday,9,308.5607003913913,128.0,59.425952575086356,24.801107983093612
706,4,Wednesday,10,310.10997296688623,147.0,59.42524998818152,24.803341109099375
704,4,Wednesday,8,294.8977125503342,113.0,59.42667529961977,24.80134618945961
703,4,Wednesday,7,305.35953983781434,166.0,59.42679942959195,24.799989551053446
702,4,Wednesday,6,304.149938672061,162.0,59.42798012904033,24.801079034383832
700,4,Wednesday,4,300.34730410321725,48.0,59.42703782053642,24.802651997369875
699,4,Wednesday,3,299.4178448838279,35.0,59.42933336077545,24.798848042297685
698,4,Wednesday,2,295.97462748800694,33.0,59.42508021621112,24.80463457203693
696,4,Wednesday,0,293.19506613932236,35.0,59.42875941198745,24.796580630750523
697,4,Wednesday,1,297.440710966679,27.0,59.432223755930465,24.8031090891758
707,4,Wednesday,11,310.95712851508006,139.0,59.423786037591704,24.803159340846122
701,4,Wednesday,5,301.63647653114833,86.0,59.42647405274926,24.803250380129157
286,1,Wednesday,22,360.68847611562376,103.0,59.40395071850052,24.646774228415804
574,3,Wednesday,22,365.7962212125886,88.0,59.46268143685441,24.858176078979934
410,2,Wednesday,2,321.43823135445007,70.0,59.42209760611985,24.707749778063697
411,2,Wednesday,3,321.13262962737105,71.0,59.41793907460213,24.704772527902033
412,2,Wednesday,4,324.53722519740546,116.0,59.421017677313486,24.707376741999717
413,2,Wednesday,5,326.01585547612336,228.0,59.420476481854145,24.706904484568227
414,2,Wednesday,6,328.8541296452423,399.0,59.42278580475596,24.709030966216776
415,2,Wednesday,7,329.3389945491626,450.0,59.420149974836164,24.707292970496894
416,2,Wednesday,8,327.0968117119193,357.0,59.41947899531512,24.708453394096107
417,2,Wednesday,9,331.90203249330983,326.0,59.41775779702071,24.707903240420414
418,2,Wednesday,10,334.3830133841668,291.0,59.419371724445014,24.70761389676171
409,2,Wednesday,1,317.7097041101141,98.0,59.41914080811485,24.707869246497285
419,2,Wednesday,11,330.9057581967219,292.0,59.41840019390843,24.708270542763447
421,2,Wednesday,13,338.9870038288694,311.0,59.417590343649294,24.709916300055166
422,2,Wednesday,14,340.02178010745354,368.0,59.41691893375798,24.709380129908144
423,2,Wednesday,15,342.18405310217366,400.0,59.41704048660211,24.70837367727883
424,2,Wednesday,16,344.84681260762477,408.0,59.41913230868805,24.70736168905497
425,2,Wednesday,17,346.9094836741874,365.0,59.41899511472155,24.706264087228245
426,2,Wednesday,18,347.6378864265889,283.0,59.41638916508503,24.70982483605468
427,2,Wednesday,19,350.7713530518724,273.0,59.42016348572705,24.70907470996891
428,2,Wednesday,20,351.2331895309141,214.0,59.41786204194721,24.70604869433007
429,2,Wednesday,21,354.12603078033334,267.0,59.41960314939751,24.70600384956191
420,2,Wednesday,12,336.64746285586796,305.0,59.4165483166065,24.708374578220635
408,2,Wednesday,0,318.35406627091504,129.0,59.42293142131044,24.708036349791193
718,4,Wednesday,22,329.50111845790764,122.0,59.42190245228459,24.800913397609623
264,1,Wednesday,0,319.7904808135721,51.0,59.398129124940105,24.655324469440217
285,1,Wednesday,21,357.92166375210616,162.0,59.401341890597095,24.646270397317306
284,1,Wednesday,20,358.16861691236113,152.0,59.40483475203111,24.647673112312177
283,1,Wednesday,19,355.51904800286167,164.0,59.40409542817598,24.6455735538281
282,1,Wednesday,18,354.51941508843686,180.0,59.40578104885322,24.644985848891004
281,1,Wednesday,17,353.03305299827196,196.0,59.4064659894278,24.64493435035407
280,1,Wednesday,16,350.59840509894065,212.0,59.40532156725863,24.641024051243473
279,1,Wednesday,15,349.31908295193966,189.0,59.40625745037287,24.644244314691093
278,1,Wednesday,14,347.59629861861015,189.0,59.40599183720318,24.645075161140895
277,1,Wednesday,13,345.18221576116474,156.0,59.404742909822815,24.644416340110887
276,1,Wednesday,12,342.98874597144186,161.0,59.40298794102453,24.65151382347896
275,1,Wednesday,11,342.05996681004194,121.0,59.404922553065255,24.65030839301274
274,1,Wednesday,10,339.74972192630776,103.0,59.40471511279066,24.643374223915828
273,1,Wednesday,9,337.80902293573416,139.0,59.40394456780446,24.64540942696363
272,1,Wednesday,8,336.5133239397891,141.0,59.40602192316545,24.640097401905408
271,1,Wednesday,7,334.3623123701498,147.0,59.40330532089281,24.650570851046474
270,1,Wednesday,6,331.33691062439846,161.0,59.4009861327389,24.64782080456882
269,1,Wednesday,5,330.02026596068794,131.0,59.402229211153184,24.64812664773595
268,1,Wednesday,4,327.0022822962834,70.0,59.39964347915147,24.649197871967566
267,1,Wednesday,3,325.7270005077352,35.0,59.40021154433037,24.645968367112204
266,1,Wednesday,2,323.83996849309705,41.0,59.400912696668335,24.64533356430215
265,1,Wednesday,1,322.78315837385276,45.0,59.40151753727218,24.64916113083462
430,2,Wednesday,22,356.3124631829896,229.0,59.420898196908844,24.707182728418655
575,3,Wednesday,23,370.9987030675796,75.0,59.47043071705392,24.858026131018736
431,2,Wednesday,23,357.51936190281566,198.0,59.41993633855976,24.70584394717565
142,0,Wednesday,22,396.30771505895854,750.0,59.43544179555059,24.74908205363329
554,3,Wednesday,2,328.9216776340206,40.0,59.4582694831588,24.86735705993208
555,3,Wednesday,3,328.10873468211065,31.0,59.45260244263216,24.871870882432404
556,3,Wednesday,4,331.78062428497833,62.0,59.45709439128682,24.865661556850267
557,3,Wednesday,5,332.1211417212792,88.0,59.45427558777683,24.859167273979537
558,3,Wednesday,6,336.1083760434014,126.0,59.459137594656,24.860682772450232
559,3,Wednesday,7,337.43458305570095,135.0,59.45803798805628,24.862677030941292
560,3,Wednesday,8,340.52808062040265,107.0,59.461289058404226,24.860034673286837
561,3,Wednesday,9,340.819151474863,97.0,59.45816061975677,24.85953216171138
562,3,Wednesday,10,345.4991094668706,102.0,59.46485981012234,24.858698756137795
553,3,Wednesday,1,322.3182536588516,40.0,59.44792984513056,24.867185638460192
563,3,Wednesday,11,345.9586793857942,92.0,59.46152176323002,24.864256301117585
565,3,Wednesday,13,351.91780932272064,118.0,59.46669243669599,24.862912088022238
566,3,Wednesday,14,350.7631280951334,134.0,59.46088984302355,24.853449201141668
567,3,Wednesday,15,354.91770663692245,130.0,59.46555287020181,24.860967324239553
568,3,Wednesday,16,356.6572444687871,165.0,59.4660269810118,24.85998811485126
569,3,Wednesday,17,357.25704631835674,141.0,59.46329992606373,24.857764361016567
570,3,Wednesday,18,359.33958609906614,122.0,59.46426509305238,24.856445906110956
571,3,Wednesday,19,347.0840322572892,111.0,59.45970522562235,24.862038152599453
572,3,Wednesday,20,363.7648311423839,109.0,59.465849769008706,24.864173305148903
573,3,Wednesday,21,367.47493113820076,110.0,59.47052118685397,24.85656480645383
564,3,Wednesday,12,347.14028563095525,105.0,59.460889406964085,24.856304228151362
552,3,Wednesday,0,329.4287581697979,44.0,59.46872513868568,24.85699049005944
287,1,Wednesday,23,359.16586729973335,106.0,59.40357145841628,24.64635283385389
120,0,Wednesday,0,357.88402277673276,503.0,59.435774816879494,24.749001994739135
141,0,Wednesday,21,392.86908506341206,746.0,59.435528497755286,24.749374940327392
140,0,Wednesday,20,392.5545183157288,667.0,59.43493445590686,24.749554661028164
139,0,Wednesday,19,390.70964843392375,557.0,59.43459017969803,24.751385212954897
138,0,Wednesday,18,388.5280869629007,536.0,59.43376800275176,24.750777633853197
137,0,Wednesday,17,386.3500943690482,584.0,59.433657948736716,24.750179443445703
136,0,Wednesday,16,384.851829575886,691.0,59.43333360596959,24.751206844104107
135,0,Wednesday,15,382.9883657030684,622.0,59.43327546713028,24.750470938368025
134,0,Wednesday,14,381.2334479203327,536.0,59.433156433652826,24.751172653912022
133,0,Wednesday,13,379.5730266050448,511.0,59.433398276478805,24.75153400962838
132,0,Wednesday,12,372.2682521535141,472.0,59.43303765249446,24.75176760265607
131,0,Wednesday,11,375.58841120397534,459.0,59.43343836781045,24.75111047732205
130,0,Wednesday,10,374.0929442257813,473.0,59.432910457411786,24.752487416394825
129,0,Wednesday,9,368.1873452292297,479.0,59.43447133997268,24.752305764632798
128,0,Wednesday,8,370.82497764850524,423.0,59.43357235364686,24.749331256320307
127,0,Wednesday,7,368.75672266997026,536.0,59.43335540447533,24.749380101776776
126,0,Wednesday,6,367.02652210212574,502.0,59.43255563118747,24.74986825121241
125,0,Wednesday,5,364.9593864737553,296.0,59.43317655331787,24.748120810771113
124,0,Wednesday,4,363.69780417972635,181.0,59.433921550524055,24.748863941993122
123,0,Wednesday,3,362.51134151156856,252.0,59.43487406328475,24.748805816519052
122,0,Wednesday,2,357.50101182732783,388.0,59.43528340956757,24.749255822681008
121,0,Wednesday,1,359.43127805604183,409.0,59.435932213619246,24.74876545729815
143,0,Wednesday,23,397.33731834894047,600.0,59.436144333310295,24.748197000092325
719,4,Wednesday,23,335.84388371164056,61.0,59.431522852114746,24.8014884681796
